{
	"class_name" : "PinholeCameraParameters",
	"extrinsic" : 
	[
		0.99951947597569935,
		0.015378561272613981,
		-0.026913138026771942,
		0.0,
		-0.016477619441664888,
		0.99901901046552499,
		-0.041103586048167155,
		0.0,
		0.026254622503461895,
		0.041527299233972248,
		0.99879235991047355,
		0.0,
		-0.2655477044829897,
		0.16627839816651768,
		75.552068494515964,
		1.0
	],
	"intrinsic" : 
	{
		"height" : 957,
		"intrinsic_matrix" : 
		[
			828.78631142170786,
			0.0,
			0.0,
			0.0,
			828.78631142170786,
			0.0,
			919.5,
			478.0,
			1.0
		],
		"width" : 1840
	},
	"version_major" : 1,
	"version_minor" : 0
}