{
	"class_name" : "PinholeCameraParameters",
	"extrinsic" : 
	[
		-0.63794978602790464,
		-0.51636875164101459,
		0.57129973117064481,
		0.0,
		-0.76845946153581701,
		0.47494579858153141,
		-0.42883160376286833,
		0.0,
		-0.049901167151009583,
		-0.71259371365347568,
		-0.69980002341991632,
		0.0,
		0.47845157589322351,
		-1.0273101198758869,
		30.26772508002729,
		1.0
	],
	"intrinsic" : 
	{
		"height" : 720,
		"intrinsic_matrix" : 
		[
			623.53829072479584,
			0.0,
			0.0,
			0.0,
			623.53829072479584,
			0.0,
			639.5,
			359.5,
			1.0
		],
		"width" : 1280
	},
	"version_major" : 1,
	"version_minor" : 0
}